{
    "accuracy": 0.9999151805593842,
    "classification_report": {
        "0": {
            "precision": 1.0,
            "recall": 0.9998011038735021,
            "f1-score": 0.9999005420458501,
            "support": 20111.0
        },
        "1": {
            "precision": 0.9998521366257578,
            "recall": 1.0,
            "f1-score": 0.9999260628465804,
            "support": 27048.0
        },
        "accuracy": 0.9999151805593842,
        "macro avg": {
            "precision": 0.9999260683128789,
            "recall": 0.999900551936751,
            "f1-score": 0.9999133024462152,
            "support": 47159.0
        },
        "weighted avg": {
            "precision": 0.9999151931010729,
            "recall": 0.9999151805593842,
            "f1-score": 0.9999151794770542,
            "support": 47159.0
        }
    }
}