{
    "accuracy": 0.9979219237049132,
    "classification_report": {
        "0": {
            "precision": 0.9976218787158145,
            "recall": 0.9975230357673636,
            "f1-score": 0.9975724547931633,
            "support": 20186.0
        },
        "1": {
            "precision": 0.9981464318813716,
            "recall": 0.9982204426648871,
            "f1-score": 0.9981834359012383,
            "support": 26973.0
        },
        "accuracy": 0.9979219237049132,
        "macro avg": {
            "precision": 0.9978841552985931,
            "recall": 0.9978717392161254,
            "f1-score": 0.9978779453472008,
            "support": 47159.0
        },
        "weighted avg": {
            "precision": 0.9979219014587601,
            "recall": 0.9979219237049132,
            "f1-score": 0.9979219107491443,
            "support": 47159.0
        }
    }
}