{
    "accuracy": 0.9974978265018343,
    "classification_report": {
        "0": {
            "precision": 0.9996004395165318,
            "recall": 0.9945338898827271,
            "f1-score": 0.9970607283415533,
            "support": 20124.0
        },
        "1": {
            "precision": 0.9959464937170652,
            "recall": 0.9997040872942482,
            "f1-score": 0.9978217529350957,
            "support": 27035.0
        },
        "accuracy": 0.9974978265018343,
        "macro avg": {
            "precision": 0.9977734666167986,
            "recall": 0.9971189885884877,
            "f1-score": 0.9974412406383245,
            "support": 47159.0
        },
        "weighted avg": {
            "precision": 0.9975057296056224,
            "recall": 0.9974978265018343,
            "f1-score": 0.9974970034934103,
            "support": 47159.0
        }
    }
}